system,T,stage,stage_label,n_snap,MAE_F,RMSE_F,R2_F
Al,300,backbone_ridge,F0+Cs+g(T)+r(delta_x),100,0.0001835906177178437,0.00022825335004822176,
Al,300,gauge_aligned,F0+Cs,100,9.726975202125399e-05,0.00012259580518889508,
Al,300,minimal_baseline,F0,100,0.20926160156510168,0.2092616374764443,
Al,300,thermal_backbone,F0+Cs+g(T),100,9.895211090602541e-05,0.0001248372817608165,
Al,400,backbone_ridge,F0+Cs+g(T)+r(delta_x),100,0.00026936053107029067,0.0003323462626339445,
Al,400,gauge_aligned,F0+Cs,100,0.09064986747276757,0.09065002772810991,
Al,400,minimal_baseline,F0,100,0.299911469037869,0.29991151747595396,
Al,400,thermal_backbone,F0+Cs+g(T),100,0.005300833326042729,0.005303573156585915,
Al,500,backbone_ridge,F0+Cs+g(T)+r(delta_x),100,0.000280965485335769,0.00035453419975564165,
Al,500,gauge_aligned,F0+Cs,100,0.18483002145228633,0.18483012404598137,
Al,500,minimal_baseline,F0,100,0.3940916230173878,0.39409167113411453,
Al,500,thermal_backbone,F0+Cs+g(T),100,0.011777329692015925,0.011778939658334037,
Al,600,backbone_ridge,F0+Cs+g(T)+r(delta_x),100,0.0018917927308881755,0.001931898514448653,
Al,600,gauge_aligned,F0+Cs,100,0.28178621090668904,0.28178633899964434,
Al,600,minimal_baseline,F0,100,0.4910478124717904,0.49104788597753285,
Al,600,thermal_backbone,F0+Cs+g(T),100,0.020160189854469962,0.02016198017660292,
Al,700,backbone_ridge,F0+Cs+g(T)+r(delta_x),100,0.005472258706248741,0.00549079114174044,
Al,700,gauge_aligned,F0+Cs,100,0.38108440224908224,0.38108451748309224,
Al,700,minimal_baseline,F0,100,0.5903460038141837,0.5903460782008779,
Al,700,thermal_backbone,F0+Cs+g(T),100,0.03088344740029811,0.030884869290768637,
Cu,300,backbone_ridge,F0+Cs+g(T)+r(delta_x),100,0.0001501947935672021,0.00018690373495663134,
Cu,300,gauge_aligned,F0+Cs,100,0.00011413112793618119,0.00014301414372294732,
Cu,300,minimal_baseline,F0,100,0.21164750911628982,0.2116475574349378,
Cu,300,thermal_backbone,F0+Cs+g(T),100,0.00011411753637227128,0.00014494019722740046,
Cu,400,backbone_ridge,F0+Cs+g(T)+r(delta_x),100,0.0028522449405664974,0.002865216286674825,
Cu,400,gauge_aligned,F0+Cs,100,0.09793538380968904,0.09793556020514936,
Cu,400,minimal_baseline,F0,100,0.3095828929259788,0.30958294872806447,
Cu,400,thermal_backbone,F0+Cs+g(T),100,0.0019846830108787737,0.0019933683550706943,
Cu,500,backbone_ridge,F0+Cs+g(T)+r(delta_x),100,0.0069298709293877095,0.006935319858990884,
Cu,500,gauge_aligned,F0+Cs,100,0.20112586168032778,0.20112597579896052,
Cu,500,minimal_baseline,F0,100,0.41277337079661747,0.4127734264014964,
Cu,500,thermal_backbone,F0+Cs+g(T),100,0.004518510536025464,0.004523587281559673,
Cu,600,backbone_ridge,F0+Cs+g(T)+r(delta_x),100,0.011266747966443424,0.011273732098463971,
Cu,600,gauge_aligned,F0+Cs,100,0.30857958003299724,0.3085796966033451,
Cu,600,minimal_baseline,F0,100,0.520227089149287,0.5202271582945394,
Cu,600,thermal_backbone,F0+Cs+g(T),100,0.0066331792718382805,0.006638599982218607,
Cu,700,backbone_ridge,F0+Cs+g(T)+r(delta_x),100,0.014777030256964654,0.014784011702504271,
Cu,700,gauge_aligned,F0+Cs,100,0.41926424545314134,0.4192643687675361,
Cu,700,minimal_baseline,F0,100,0.6309117545694312,0.6309118365164237,
Cu,700,thermal_backbone,F0+Cs+g(T),100,0.00729639580376098,0.007303478238046511,
Ti64,300,backbone_ridge,F0+Cs+g(T)+r(delta_x),100,0.00021442330890207196,0.0002611168355303026,
Ti64,300,gauge_aligned,F0+Cs,100,7.461986284890365e-05,9.400857987822345e-05,
Ti64,300,minimal_baseline,F0,100,0.2175700860176496,0.21757010632745605,
Ti64,300,thermal_backbone,F0+Cs+g(T),100,7.553846802912822e-05,9.691351071063494e-05,
Ti64,400,backbone_ridge,F0+Cs+g(T)+r(delta_x),100,0.0003005686745590097,0.00037854428181303013,
Ti64,400,gauge_aligned,F0+Cs,100,0.09745694303945825,0.0974570326054035,
Ti64,400,minimal_baseline,F0,100,0.3150270290571075,0.31502705676529147,
Ti64,400,thermal_backbone,F0+Cs+g(T),100,0.0015062422406479658,0.0015120262371997807,
Ti64,500,backbone_ridge,F0+Cs+g(T)+r(delta_x),100,0.0004883106965388517,0.0005633002002983356,
Ti64,500,gauge_aligned,F0+Cs,100,0.20001541478138926,0.20001549188755693,
Ti64,500,minimal_baseline,F0,100,0.4175855007990386,0.4175855377314138,
Ti64,500,thermal_backbone,F0+Cs+g(T),100,0.0034080636370869845,0.0034125859116804036,
Ti64,600,backbone_ridge,F0+Cs+g(T)+r(delta_x),100,0.0007164721153495357,0.0007808344617841033,
Ti64,600,gauge_aligned,F0+Cs,100,0.30722175619308184,0.30722183122223445,
Ti64,600,minimal_baseline,F0,100,0.5247918422107309,0.5247918861340318,
Ti64,600,thermal_backbone,F0+Cs+g(T),100,0.0052753554319232695,0.005279723109675896,
Ti64,700,backbone_ridge,F0+Cs+g(T)+r(delta_x),100,0.0006058364134011729,0.0007121776982897578,
Ti64,700,gauge_aligned,F0+Cs,100,0.4231654423566535,0.42316551820545817,
Ti64,700,minimal_baseline,F0,100,0.6407355283743028,0.6407355784676614,
Ti64,700,thermal_backbone,F0+Cs+g(T),100,0.011197592707273146,0.011200458724077501,
alpha-TiAl,300,backbone_ridge,F0+Cs+g(T)+r(delta_x),100,0.00018097952661793036,0.00022453063021946659,
alpha-TiAl,300,gauge_aligned,F0+Cs,100,0.00011448793741845264,0.00014197889491672334,
alpha-TiAl,300,minimal_baseline,F0,100,0.2125885662818252,0.21258861369266366,
alpha-TiAl,300,thermal_backbone,F0+Cs+g(T),100,0.00011513930256969118,0.00014391880373772748,
alpha-TiAl,400,backbone_ridge,F0+Cs+g(T)+r(delta_x),100,0.0003421224313079829,0.0004239068769591165,
alpha-TiAl,400,gauge_aligned,F0+Cs,100,0.09634674948592512,0.0963469609079941,
alpha-TiAl,400,minimal_baseline,F0,100,0.3089353157677503,0.30893538170339524,
alpha-TiAl,400,thermal_backbone,F0+Cs+g(T),100,0.0003982117852728795,0.0004445157651863468,
alpha-TiAl,500,backbone_ridge,F0+Cs+g(T)+r(delta_x),100,0.0009889349205078623,0.0010484824783118236,
alpha-TiAl,500,gauge_aligned,F0+Cs,100,0.1975630165489235,0.19756314299371064,
alpha-TiAl,500,minimal_baseline,F0,100,0.4101515828307486,0.4101516437370593,
alpha-TiAl,500,thermal_backbone,F0+Cs+g(T),100,0.0009556654046211932,0.0009814570845071242,
alpha-TiAl,600,backbone_ridge,F0+Cs+g(T)+r(delta_x),100,0.000834847556263556,0.0009279573163042364,
alpha-TiAl,600,gauge_aligned,F0+Cs,100,0.3023843137527394,0.3023844561834889,
alpha-TiAl,600,minimal_baseline,F0,100,0.5149728800345645,0.514972963667767,
alpha-TiAl,600,thermal_backbone,F0+Cs+g(T),100,0.0004659614296768488,0.0005271673903214391,
alpha-TiAl,700,backbone_ridge,F0+Cs+g(T)+r(delta_x),100,0.0008985981885515048,0.0010106636562900722,
alpha-TiAl,700,gauge_aligned,F0+Cs,100,0.4100727546387865,0.4100728994246379,
alpha-TiAl,700,minimal_baseline,F0,100,0.6226613209206117,0.6226614162737947,
alpha-TiAl,700,thermal_backbone,F0+Cs+g(T),100,0.0018950950105939236,0.0019261699265643796,
beta-TiV,300,backbone_ridge,F0+Cs+g(T)+r(delta_x),100,0.00017566743300165833,0.0002267979805647066,
beta-TiV,300,gauge_aligned,F0+Cs,100,0.00010831780612596375,0.000139708288936398,
beta-TiV,300,minimal_baseline,F0,100,0.20701719776360122,0.2070172449055874,
beta-TiV,300,thermal_backbone,F0+Cs+g(T),100,0.0001104428587492734,0.00014167929088277945,
beta-TiV,400,backbone_ridge,F0+Cs+g(T)+r(delta_x),100,0.0003876598625211347,0.0004477629577338316,
beta-TiV,400,gauge_aligned,F0+Cs,100,0.09375692230164376,0.09375705064054381,
beta-TiV,400,minimal_baseline,F0,100,0.30077412006524523,0.300774160070907,
beta-TiV,400,thermal_backbone,F0+Cs+g(T),100,0.0021937784971665588,0.002199256563401342,
beta-TiV,500,backbone_ridge,F0+Cs+g(T)+r(delta_x),100,0.00023851910118144026,0.0002994144157721123,
beta-TiV,500,gauge_aligned,F0+Cs,100,0.1926941798550909,0.19269431634246018,
beta-TiV,500,minimal_baseline,F0,100,0.39971137761869246,0.39971144341699166,
beta-TiV,500,thermal_backbone,F0+Cs+g(T),100,0.0039131712892113415,0.003919886503545971,
beta-TiV,600,backbone_ridge,F0+Cs+g(T)+r(delta_x),100,0.000367445397525108,0.0004504604723205732,
beta-TiV,600,gauge_aligned,F0+Cs,100,0.2959238762370197,0.2959239858146698,
beta-TiV,600,minimal_baseline,F0,100,0.5029410740006212,0.502941138474669,
beta-TiV,600,thermal_backbone,F0+Cs+g(T),100,0.006022524524138788,0.006027906348124805,
beta-TiV,700,backbone_ridge,F0+Cs+g(T)+r(delta_x),100,0.00037138379702216005,0.0004612705258554055,
beta-TiV,700,gauge_aligned,F0+Cs,100,0.402744887044233,0.402745002597331,
beta-TiV,700,minimal_baseline,F0,100,0.6097620848078347,0.6097621611300991,
beta-TiV,700,thermal_backbone,F0+Cs+g(T),100,0.00922296260514738,0.009228007155827176,
